Tensão sem filtro;Tensão sem filtro;Tensão real do potenciômetro;;;;;;;;;;
3,68;3,68;3683;-0,003;-0,003;69,56;;0,002746;0,000836;;;;
3,69;3,68;3683;0,007;-0,003;;;;;;;;
3,69;3,68;3678;0,012;0,002;;;;;;;;
3,68;3,68;3683;-0,003;-0,003;;;;;;;;
3,68;3,68;3678;0,002;0,002;;;;;;;;
3,68;3,68;3678;0,002;0,002;;;;;;;;
3,68;3,68;3683;-0,003;-0,003;;;;;;;;
3,68;3,68;3683;-0,003;-0,003;;;;;;;;
3,68;3,68;3678;0,002;0,002;;;;;;Média de erro no sinal sem filtro;0,002746;V
3,68;3,68;3678;0,002;0,002;;;;;;Média de erro no sinal com filtro;0,000836;V
3,68;3,68;3678;0,002;0,002;;;;;;Porcentagem de melhoria;69,56;%
3,69;3,68;3678;0,012;0,002;;;;;;;;
3,68;3,68;3683;-0,003;-0,003;;;;;;;;
3,69;3,68;3678;0,012;0,002;;;;;;;;
3,68;3,68;3678;0,002;0,002;;;;;;;;
3,68;3,68;3673;0,007;0,007;;;;;;;;
3,68;3,68;3678;0,002;0,002;;;;;;;;
3,68;3,68;3683;-0,003;-0,003;;;;;;;;
3,68;3,68;3683;-0,003;-0,003;;;;;;;;
3,68;3,68;3683;-0,003;-0,003;;;;;;;;
3,68;3,68;3683;-0,003;-0,003;;;;;;;;
3,68;3,68;3683;-0,003;-0,003;;;;;;;;
3,69;3,68;3683;0,007;-0,003;;;;;;;;
3,68;3,68;3683;-0,003;-0,003;;;;;;;;
3,69;3,68;3683;0,007;-0,003;;;;;;;;
3,68;3,68;3678;0,002;0,002;;;;;;;;
3,68;3,68;3683;-0,003;-0,003;;;;;;;;
3,68;3,68;3683;-0,003;-0,003;;;;;;;;
3,68;3,68;3683;-0,003;-0,003;;;;;;;;
3,68;3,68;3683;-0,003;-0,003;;;;;;;;
3,69;3,68;3678;0,012;0,002;;;;;;;;
3,69;3,68;3678;0,012;0,002;;;;;;;;
3,68;3,68;3683;-0,003;-0,003;;;;;;;;
3,68;3,68;3689;-0,009;-0,009;;;;;;;;
3,69;3,68;3678;0,012;0,002;;;;;;;;
3,68;3,68;3683;-0,003;-0,003;;;;;;;;
3,68;3,68;3678;0,002;0,002;;;;;;;;
3,68;3,68;3683;-0,003;-0,003;;;;;;;;
3,68;3,68;3683;-0,003;-0,003;;;;;;;;
3,68;3,68;3683;-0,003;-0,003;;;;;;;;
3,69;3,68;3678;0,012;0,002;;;;;;;;
3,68;3,68;3683;-0,003;-0,003;;;;;;;;
3,68;3,68;3683;-0,003;-0,003;;;;;;;;
3,68;3,68;3683;-0,003;-0,003;;;;;;;;
3,68;3,68;3678;0,002;0,002;;;;;;;;
3,68;3,68;3683;-0,003;-0,003;;;;;;;;
3,68;3,68;3683;-0,003;-0,003;;;;;;;;
3,68;3,68;3678;0,002;0,002;;;;;;;;
3,68;3,68;3683;-0,003;-0,003;;;;;;;;
3,68;3,68;3678;0,002;0,002;;;;;;;;
3,68;3,68;3683;-0,003;-0,003;;;;;;;;
3,68;3,68;3683;-0,003;-0,003;;;;;;;;
3,68;3,68;3683;-0,003;-0,003;;;;;;;;
3,68;3,68;3683;-0,003;-0,003;;;;;;;;
3,68;3,68;3678;0,002;0,002;;;;;;;;
3,69;3,68;3683;0,007;-0,003;;;;;;;;
3,68;3,68;3678;0,002;0,002;;;;;;;;
3,69;3,68;3683;0,007;-0,003;;;;;;;;
3,68;3,68;3683;-0,003;-0,003;;;;;;;;
3,69;3,68;3678;0,012;0,002;;;;;;;;
3,69;3,68;3683;0,007;-0,003;;;;;;;;
3,68;3,68;3683;-0,003;-0,003;;;;;;;;
3,68;3,68;3683;-0,003;-0,003;;;;;;;;
3,69;3,68;3678;0,012;0,002;;;;;;;;
3,68;3,68;3678;0,002;0,002;;;;;;;;
3,68;3,68;3683;-0,003;-0,003;;;;;;;;
3,68;3,68;3678;0,002;0,002;;;;;;;;
3,68;3,68;3683;-0,003;-0,003;;;;;;;;
3,68;3,68;3678;0,002;0,002;;;;;;;;
3,68;3,68;3683;-0,003;-0,003;;;;;;;;
3,68;3,68;3678;0,002;0,002;;;;;;;;
3,68;3,68;3683;-0,003;-0,003;;;;;;;;
3,68;3,68;3678;0,002;0,002;;;;;;;;
3,68;3,68;3683;-0,003;-0,003;;;;;;;;
3,68;3,68;3678;0,002;0,002;;;;;;;;
3,68;3,68;3678;0,002;0,002;;;;;;;;
3,69;3,68;3678;0,012;0,002;;;;;;;;
3,69;3,68;3678;0,012;0,002;;;;;;;;
3,68;3,68;3678;0,002;0,002;;;;;;;;
3,68;3,68;3678;0,002;0,002;;;;;;;;
3,68;3,68;3678;0,002;0,002;;;;;;;;
3,69;3,68;3678;0,012;0,002;;;;;;;;
3,68;3,68;3678;0,002;0,002;;;;;;;;
3,68;3,68;3678;0,002;0,002;;;;;;;;
3,68;3,68;3678;0,002;0,002;;;;;;;;
3,68;3,68;3678;0,002;0,002;;;;;;;;
3,68;3,68;3678;0,002;0,002;;;;;;;;
3,68;3,68;3678;0,002;0,002;;;;;;;;
3,68;3,68;3678;0,002;0,002;;;;;;;;
3,68;3,68;3678;0,002;0,002;;;;;;;;
3,68;3,68;3673;0,007;0,007;;;;;;;;
3,68;3,68;3678;0,002;0,002;;;;;;;;
3,68;3,68;3683;-0,003;-0,003;;;;;;;;
3,68;3,68;3678;0,002;0,002;;;;;;;;
3,69;3,68;3678;0,012;0,002;;;;;;;;
3,69;3,68;3678;0,012;0,002;;;;;;;;
3,68;3,68;3678;0,002;0,002;;;;;;;;
3,68;3,68;3678;0,002;0,002;;;;;;;;
3,68;3,68;3678;0,002;0,002;;;;;;;;
3,68;3,68;3678;0,002;0,002;;;;;;;;
3,68;3,68;3678;0,002;0,002;;;;;;;;
3,69;3,68;3678;0,012;0,002;;;;;;;;
3,68;3,68;3678;0,002;0,002;;;;;;;;
3,68;3,68;3683;-0,003;-0,003;;;;;;;;
3,69;3,68;3678;0,012;0,002;;;;;;;;
3,68;3,68;3683;-0,003;-0,003;;;;;;;;
3,68;3,68;3683;-0,003;-0,003;;;;;;;;
3,68;3,68;3683;-0,003;-0,003;;;;;;;;
3,69;3,68;3678;0,012;0,002;;;;;;;;
3,69;3,68;3678;0,012;0,002;;;;;;;;
3,69;3,68;3678;0,012;0,002;;;;;;;;
3,68;3,68;3678;0,002;0,002;;;;;;;;
3,68;3,68;3678;0,002;0,002;;;;;;;;
3,68;3,68;3673;0,007;0,007;;;;;;;;
3,68;3,68;3678;0,002;0,002;;;;;;;;
3,68;3,68;3678;0,002;0,002;;;;;;;;
3,68;3,68;3678;0,002;0,002;;;;;;;;
3,68;3,68;3678;0,002;0,002;;;;;;;;
3,68;3,68;3683;-0,003;-0,003;;;;;;;;
3,68;3,68;3683;-0,003;-0,003;;;;;;;;
3,69;3,68;3678;0,012;0,002;;;;;;;;
3,68;3,68;3683;-0,003;-0,003;;;;;;;;
3,68;3,68;3683;-0,003;-0,003;;;;;;;;
3,68;3,68;3678;0,002;0,002;;;;;;;;
3,68;3,68;3683;-0,003;-0,003;;;;;;;;
3,68;3,68;3683;-0,003;-0,003;;;;;;;;
3,68;3,68;3683;-0,003;-0,003;;;;;;;;
3,69;3,68;3683;0,007;-0,003;;;;;;;;
3,68;3,68;3683;-0,003;-0,003;;;;;;;;
3,68;3,68;3683;-0,003;-0,003;;;;;;;;
3,69;3,68;3678;0,012;0,002;;;;;;;;
3,69;3,68;3683;0,007;-0,003;;;;;;;;
3,69;3,68;3683;0,007;-0,003;;;;;;;;
3,68;3,68;3678;0,002;0,002;;;;;;;;
3,69;3,68;3678;0,012;0,002;;;;;;;;
3,69;3,68;3678;0,012;0,002;;;;;;;;
3,69;3,68;3678;0,012;0,002;;;;;;;;
3,68;3,68;3683;-0,003;-0,003;;;;;;;;
3,68;3,68;3683;-0,003;-0,003;;;;;;;;
3,68;3,68;3678;0,002;0,002;;;;;;;;
3,69;3,68;3683;0,007;-0,003;;;;;;;;
3,68;3,68;3683;-0,003;-0,003;;;;;;;;
3,68;3,68;3683;-0,003;-0,003;;;;;;;;
3,68;3,68;3683;-0,003;-0,003;;;;;;;;
3,68;3,68;3683;-0,003;-0,003;;;;;;;;
3,68;3,68;3683;-0,003;-0,003;;;;;;;;
3,68;3,68;3683;-0,003;-0,003;;;;;;;;
3,69;3,68;3678;0,012;0,002;;;;;;;;
3,68;3,68;3678;0,002;0,002;;;;;;;;
3,68;3,68;3678;0,002;0,002;;;;;;;;
3,68;3,68;3683;-0,003;-0,003;;;;;;;;
3,68;3,68;3678;0,002;0,002;;;;;;;;
3,68;3,68;3683;-0,003;-0,003;;;;;;;;
3,68;3,68;3678;0,002;0,002;;;;;;;;
3,69;3,68;3678;0,012;0,002;;;;;;;;
3,68;3,68;3683;-0,003;-0,003;;;;;;;;
3,68;3,68;3678;0,002;0,002;;;;;;;;
3,68;3,68;3683;-0,003;-0,003;;;;;;;;
3,68;3,68;3683;-0,003;-0,003;;;;;;;;
3,68;3,68;3683;-0,003;-0,003;;;;;;;;
3,68;3,68;3678;0,002;0,002;;;;;;;;
3,68;3,68;3683;-0,003;-0,003;;;;;;;;
3,68;3,68;3683;-0,003;-0,003;;;;;;;;
3,68;3,68;3678;0,002;0,002;;;;;;;;
3,68;3,68;3683;-0,003;-0,003;;;;;;;;
3,68;3,68;3683;-0,003;-0,003;;;;;;;;
3,68;3,68;3678;0,002;0,002;;;;;;;;
3,68;3,68;3683;-0,003;-0,003;;;;;;;;
3,68;3,68;3678;0,002;0,002;;;;;;;;
3,68;3,68;3678;0,002;0,002;;;;;;;;
3,69;3,68;3678;0,012;0,002;;;;;;;;
3,68;3,68;3683;-0,003;-0,003;;;;;;;;
3,68;3,68;3683;-0,003;-0,003;;;;;;;;
3,68;3,68;3678;0,002;0,002;;;;;;;;
3,68;3,68;3678;0,002;0,002;;;;;;;;
3,68;3,68;3678;0,002;0,002;;;;;;;;
3,68;3,68;3683;-0,003;-0,003;;;;;;;;
3,68;3,68;3678;0,002;0,002;;;;;;;;
3,68;3,68;3678;0,002;0,002;;;;;;;;
3,68;3,68;3678;0,002;0,002;;;;;;;;
3,68;3,68;3678;0,002;0,002;;;;;;;;
3,68;3,68;3673;0,007;0,007;;;;;;;;
3,68;3,68;3678;0,002;0,002;;;;;;;;
3,68;3,68;3673;0,007;0,007;;;;;;;;
3,68;3,68;3673;0,007;0,007;;;;;;;;
3,68;3,68;3678;0,002;0,002;;;;;;;;
3,68;3,68;3683;-0,003;-0,003;;;;;;;;
3,68;3,68;3678;0,002;0,002;;;;;;;;
3,69;3,68;3678;0,012;0,002;;;;;;;;
3,69;3,68;3673;0,017;0,007;;;;;;;;
3,69;3,68;3678;0,012;0,002;;;;;;;;
3,69;3,68;3678;0,012;0,002;;;;;;;;
3,68;3,68;3683;-0,003;-0,003;;;;;;;;
3,68;3,68;3673;0,007;0,007;;;;;;;;
3,69;3,68;3673;0,017;0,007;;;;;;;;
3,68;3,68;3673;0,007;0,007;;;;;;;;
3,68;3,68;3678;0,002;0,002;;;;;;;;
3,68;3,68;3678;0,002;0,002;;;;;;;;
3,68;3,68;3678;0,002;0,002;;;;;;;;
3,69;3,68;3673;0,017;0,007;;;;;;;;
3,68;3,68;3678;0,002;0,002;;;;;;;;
3,68;3,68;3678;0,002;0,002;;;;;;;;
3,69;3,68;3678;0,012;0,002;;;;;;;;
3,68;3,68;3673;0,007;0,007;;;;;;;;
3,68;3,68;3678;0,002;0,002;;;;;;;;
3,68;3,68;3678;0,002;0,002;;;;;;;;
3,68;3,68;3678;0,002;0,002;;;;;;;;
3,69;3,68;3678;0,012;0,002;;;;;;;;
3,68;3,68;3678;0,002;0,002;;;;;;;;
3,69;3,68;3678;0,012;0,002;;;;;;;;
3,68;3,68;3678;0,002;0,002;;;;;;;;
3,68;3,68;3683;-0,003;-0,003;;;;;;;;
3,69;3,68;3678;0,012;0,002;;;;;;;;
3,68;3,68;3678;0,002;0,002;;;;;;;;
3,69;3,68;3678;0,012;0,002;;;;;;;;
3,68;3,68;3678;0,002;0,002;;;;;;;;
3,68;3,68;3683;-0,003;-0,003;;;;;;;;
3,68;3,68;3683;-0,003;-0,003;;;;;;;;
3,68;3,68;3678;0,002;0,002;;;;;;;;
3,68;3,68;3678;0,002;0,002;;;;;;;;
3,68;3,68;3678;0,002;0,002;;;;;;;;
3,68;3,68;3683;-0,003;-0,003;;;;;;;;
3,68;3,68;3683;-0,003;-0,003;;;;;;;;
3,68;3,68;3683;-0,003;-0,003;;;;;;;;
3,68;3,68;3678;0,002;0,002;;;;;;;;
3,68;3,68;3678;0,002;0,002;;;;;;;;
3,68;3,68;3683;-0,003;-0,003;;;;;;;;
3,68;3,68;3683;-0,003;-0,003;;;;;;;;
3,68;3,68;3683;-0,003;-0,003;;;;;;;;
3,68;3,68;3683;-0,003;-0,003;;;;;;;;
3,68;3,68;3678;0,002;0,002;;;;;;;;
3,68;3,68;3683;-0,003;-0,003;;;;;;;;
3,69;3,68;3683;0,007;-0,003;;;;;;;;
3,69;3,68;3683;0,007;-0,003;;;;;;;;
3,69;3,68;3678;0,012;0,002;;;;;;;;
3,68;3,68;3678;0,002;0,002;;;;;;;;
3,68;3,68;3683;-0,003;-0,003;;;;;;;;
3,68;3,68;3683;-0,003;-0,003;;;;;;;;
3,68;3,68;3678;0,002;0,002;;;;;;;;
3,68;3,68;3678;0,002;0,002;;;;;;;;
3,68;3,68;3678;0,002;0,002;;;;;;;;
3,68;3,68;3683;-0,003;-0,003;;;;;;;;
3,68;3,68;3678;0,002;0,002;;;;;;;;
3,68;3,68;3678;0,002;0,002;;;;;;;;
3,68;3,68;3683;-0,003;-0,003;;;;;;;;
3,68;3,68;3683;-0,003;-0,003;;;;;;;;
3,68;3,68;3683;-0,003;-0,003;;;;;;;;
3,68;3,68;3683;-0,003;-0,003;;;;;;;;
3,68;3,68;3683;-0,003;-0,003;;;;;;;;
3,68;3,68;3678;0,002;0,002;;;;;;;;
3,68;3,68;3678;0,002;0,002;;;;;;;;
3,68;3,68;3678;0,002;0,002;;;;;;;;
3,68;3,68;3683;-0,003;-0,003;;;;;;;;
3,68;3,68;3678;0,002;0,002;;;;;;;;
3,68;3,68;3678;0,002;0,002;;;;;;;;
3,68;3,68;3678;0,002;0,002;;;;;;;;
3,69;3,68;3683;0,007;-0,003;;;;;;;;
3,68;3,68;3683;-0,003;-0,003;;;;;;;;
3,68;3,68;3678;0,002;0,002;;;;;;;;
3,68;3,68;3683;-0,003;-0,003;;;;;;;;
3,69;3,68;3678;0,012;0,002;;;;;;;;
3,68;3,68;3678;0,002;0,002;;;;;;;;
3,68;3,68;3683;-0,003;-0,003;;;;;;;;
3,68;3,68;3683;-0,003;-0,003;;;;;;;;
3,68;3,68;3678;0,002;0,002;;;;;;;;
3,68;3,68;3678;0,002;0,002;;;;;;;;
3,68;3,68;3683;-0,003;-0,003;;;;;;;;
3,68;3,68;3683;-0,003;-0,003;;;;;;;;
3,69;3,68;3678;0,012;0,002;;;;;;;;
3,68;3,68;3678;0,002;0,002;;;;;;;;
3,68;3,68;3678;0,002;0,002;;;;;;;;
3,69;3,68;3683;0,007;-0,003;;;;;;;;
3,68;3,68;3678;0,002;0,002;;;;;;;;
3,68;3,68;3673;0,007;0,007;;;;;;;;
3,68;3,68;3678;0,002;0,002;;;;;;;;
3,68;3,68;3678;0,002;0,002;;;;;;;;
3,68;3,68;3673;0,007;0,007;;;;;;;;
3,68;3,68;3678;0,002;0,002;;;;;;;;
3,68;3,68;3678;0,002;0,002;;;;;;;;
3,69;3,68;3678;0,012;0,002;;;;;;;;
3,68;3,68;3678;0,002;0,002;;;;;;;;
3,68;3,68;3678;0,002;0,002;;;;;;;;
3,68;3,68;3678;0,002;0,002;;;;;;;;
3,69;3,68;3678;0,012;0,002;;;;;;;;
3,69;3,68;3678;0,012;0,002;;;;;;;;
3,69;3,68;3678;0,012;0,002;;;;;;;;
3,68;3,68;3678;0,002;0,002;;;;;;;;
3,68;3,68;3678;0,002;0,002;;;;;;;;
3,68;3,68;3673;0,007;0,007;;;;;;;;
3,68;3,68;3673;0,007;0,007;;;;;;;;
3,68;3,68;3678;0,002;0,002;;;;;;;;
3,68;3,68;3678;0,002;0,002;;;;;;;;
3,68;3,68;3678;0,002;0,002;;;;;;;;
3,69;3,68;3678;0,012;0,002;;;;;;;;
3,69;3,68;3678;0,012;0,002;;;;;;;;
3,68;3,68;3678;0,002;0,002;;;;;;;;
3,69;3,68;3683;0,007;-0,003;;;;;;;;
3,68;3,68;3678;0,002;0,002;;;;;;;;
3,68;3,68;3678;0,002;0,002;;;;;;;;
3,68;3,68;3678;0,002;0,002;;;;;;;;
3,68;3,68;3678;0,002;0,002;;;;;;;;
3,68;3,68;3678;0,002;0,002;;;;;;;;
3,68;3,68;3678;0,002;0,002;;;;;;;;
3,68;3,68;3683;-0,003;-0,003;;;;;;;;
3,69;3,68;3683;0,007;-0,003;;;;;;;;
3,68;3,68;3678;0,002;0,002;;;;;;;;
3,68;3,68;3683;-0,003;-0,003;;;;;;;;
3,68;3,68;3689;-0,009;-0,009;;;;;;;;
3,68;3,68;3678;0,002;0,002;;;;;;;;
3,68;3,68;3673;0,007;0,007;;;;;;;;
3,68;3,68;3678;0,002;0,002;;;;;;;;
3,69;3,68;3678;0,012;0,002;;;;;;;;
3,68;3,68;3678;0,002;0,002;;;;;;;;
3,69;3,68;3683;0,007;-0,003;;;;;;;;
3,68;3,68;3683;-0,003;-0,003;;;;;;;;
3,69;3,68;3678;0,012;0,002;;;;;;;;
3,68;3,68;3683;-0,003;-0,003;;;;;;;;
3,69;3,68;3683;0,007;-0,003;;;;;;;;
3,69;3,68;3683;0,007;-0,003;;;;;;;;
3,68;3,68;3678;0,002;0,002;;;;;;;;
3,69;3,68;3683;0,007;-0,003;;;;;;;;
3,68;3,68;3683;-0,003;-0,003;;;;;;;;
3,68;3,68;3683;-0,003;-0,003;;;;;;;;
3,68;3,68;3683;-0,003;-0,003;;;;;;;;
3,68;3,68;3678;0,002;0,002;;;;;;;;
3,69;3,68;3683;0,007;-0,003;;;;;;;;
3,68;3,68;3683;-0,003;-0,003;;;;;;;;
3,68;3,68;3683;-0,003;-0,003;;;;;;;;
3,68;3,68;3683;-0,003;-0,003;;;;;;;;
3,68;3,68;3678;0,002;0,002;;;;;;;;
3,68;3,68;3678;0,002;0,002;;;;;;;;
3,68;3,68;3678;0,002;0,002;;;;;;;;
3,68;3,68;3683;-0,003;-0,003;;;;;;;;
3,68;3,68;3678;0,002;0,002;;;;;;;;
3,68;3,68;3683;-0,003;-0,003;;;;;;;;
3,68;3,68;3678;0,002;0,002;;;;;;;;
3,68;3,68;3689;-0,009;-0,009;;;;;;;;
3,69;3,68;3683;0,007;-0,003;;;;;;;;
3,69;3,68;3678;0,012;0,002;;;;;;;;
3,69;3,68;3683;0,007;-0,003;;;;;;;;
3,68;3,68;3683;-0,003;-0,003;;;;;;;;
3,68;3,68;3683;-0,003;-0,003;;;;;;;;
3,68;3,68;3683;-0,003;-0,003;;;;;;;;
3,68;3,68;3683;-0,003;-0,003;;;;;;;;
3,68;3,68;3683;-0,003;-0,003;;;;;;;;
3,68;3,68;3683;-0,003;-0,003;;;;;;;;
3,68;3,68;3683;-0,003;-0,003;;;;;;;;
3,68;3,68;3678;0,002;0,002;;;;;;;;
3,68;3,68;3683;-0,003;-0,003;;;;;;;;
3,68;3,68;3678;0,002;0,002;;;;;;;;
3,68;3,68;3683;-0,003;-0,003;;;;;;;;
3,68;3,68;3678;0,002;0,002;;;;;;;;
3,69;3,68;3683;0,007;-0,003;;;;;;;;
3,68;3,68;3683;-0,003;-0,003;;;;;;;;
3,68;3,68;3678;0,002;0,002;;;;;;;;
3,68;3,68;3683;-0,003;-0,003;;;;;;;;
3,68;3,68;3689;-0,009;-0,009;;;;;;;;
3,69;3,68;3683;0,007;-0,003;;;;;;;;
3,68;3,68;3678;0,002;0,002;;;;;;;;
3,68;3,68;3678;0,002;0,002;;;;;;;;
3,68;3,68;3683;-0,003;-0,003;;;;;;;;
3,68;3,68;3683;-0,003;-0,003;;;;;;;;
3,68;3,68;3683;-0,003;-0,003;;;;;;;;
3,68;3,68;3673;0,007;0,007;;;;;;;;
3,69;3,68;3673;0,017;0,007;;;;;;;;
3,68;3,68;3678;0,002;0,002;;;;;;;;
3,68;3,68;3678;0,002;0,002;;;;;;;;
3,68;3,68;3678;0,002;0,002;;;;;;;;
3,69;3,68;3678;0,012;0,002;;;;;;;;
3,68;3,68;3678;0,002;0,002;;;;;;;;
3,68;3,68;3678;0,002;0,002;;;;;;;;
3,68;3,68;3678;0,002;0,002;;;;;;;;
3,68;3,68;3673;0,007;0,007;;;;;;;;
3,68;3,68;3678;0,002;0,002;;;;;;;;
3,68;3,68;3678;0,002;0,002;;;;;;;;
3,68;3,68;3683;-0,003;-0,003;;;;;;;;
3,68;3,68;3673;0,007;0,007;;;;;;;;
3,69;3,68;3683;0,007;-0,003;;;;;;;;
3,68;3,68;3678;0,002;0,002;;;;;;;;
3,69;3,68;3678;0,012;0,002;;;;;;;;
3,69;3,68;3678;0,012;0,002;;;;;;;;
3,68;3,68;3678;0,002;0,002;;;;;;;;
3,68;3,68;3678;0,002;0,002;;;;;;;;
3,68;3,68;3678;0,002;0,002;;;;;;;;
3,68;3,68;3678;0,002;0,002;;;;;;;;
3,68;3,68;3678;0,002;0,002;;;;;;;;
3,68;3,68;3678;0,002;0,002;;;;;;;;
3,68;3,68;3678;0,002;0,002;;;;;;;;
3,68;3,68;3683;-0,003;-0,003;;;;;;;;
3,68;3,68;3678;0,002;0,002;;;;;;;;
3,68;3,68;3678;0,002;0,002;;;;;;;;
3,68;3,68;3683;-0,003;-0,003;;;;;;;;
3,68;3,68;3678;0,002;0,002;;;;;;;;
3,68;3,68;3673;0,007;0,007;;;;;;;;
3,69;3,68;3673;0,017;0,007;;;;;;;;
3,68;3,68;3678;0,002;0,002;;;;;;;;
3,68;3,68;3683;-0,003;-0,003;;;;;;;;
3,68;3,68;3683;-0,003;-0,003;;;;;;;;
3,68;3,68;3683;-0,003;-0,003;;;;;;;;
3,68;3,68;3678;0,002;0,002;;;;;;;;
3,69;3,68;3678;0,012;0,002;;;;;;;;
3,68;3,68;3678;0,002;0,002;;;;;;;;
3,68;3,68;3678;0,002;0,002;;;;;;;;
3,68;3,68;3673;0,007;0,007;;;;;;;;
3,68;3,68;3678;0,002;0,002;;;;;;;;
3,68;3,68;3678;0,002;0,002;;;;;;;;
3,68;3,68;3678;0,002;0,002;;;;;;;;
3,68;3,68;3683;-0,003;-0,003;;;;;;;;
3,68;3,68;3683;-0,003;-0,003;;;;;;;;
3,68;3,68;3683;-0,003;-0,003;;;;;;;;
3,68;3,68;3683;-0,003;-0,003;;;;;;;;
3,68;3,68;3678;0,002;0,002;;;;;;;;
3,68;3,68;3673;0,007;0,007;;;;;;;;
3,68;3,68;3683;-0,003;-0,003;;;;;;;;
3,68;3,68;3678;0,002;0,002;;;;;;;;
3,68;3,68;3678;0,002;0,002;;;;;;;;
3,68;3,68;3683;-0,003;-0,003;;;;;;;;
3,68;3,68;3678;0,002;0,002;;;;;;;;
3,68;3,68;3683;-0,003;-0,003;;;;;;;;
3,69;3,68;3678;0,012;0,002;;;;;;;;
3,68;3,68;3683;-0,003;-0,003;;;;;;;;
3,68;3,68;3683;-0,003;-0,003;;;;;;;;
3,68;3,68;3683;-0,003;-0,003;;;;;;;;
3,68;3,68;3683;-0,003;-0,003;;;;;;;;
3,68;3,68;3683;-0,003;-0,003;;;;;;;;
3,69;3,68;3683;0,007;-0,003;;;;;;;;
3,68;3,68;3683;-0,003;-0,003;;;;;;;;
3,69;3,68;3683;0,007;-0,003;;;;;;;;
3,69;3,68;3683;0,007;-0,003;;;;;;;;
3,69;3,68;3678;0,012;0,002;;;;;;;;
3,68;3,68;3683;-0,003;-0,003;;;;;;;;
3,68;3,68;3683;-0,003;-0,003;;;;;;;;
3,69;3,68;3683;0,007;-0,003;;;;;;;;
3,69;3,68;3678;0,012;0,002;;;;;;;;
3,68;3,68;3678;0,002;0,002;;;;;;;;
3,68;3,68;3683;-0,003;-0,003;;;;;;;;
3,68;3,68;3683;-0,003;-0,003;;;;;;;;
3,68;3,68;3683;-0,003;-0,003;;;;;;;;
3,68;3,68;3683;-0,003;-0,003;;;;;;;;
3,69;3,68;3678;0,012;0,002;;;;;;;;
3,68;3,68;3678;0,002;0,002;;;;;;;;
3,68;3,68;3683;-0,003;-0,003;;;;;;;;
3,68;3,68;3678;0,002;0,002;;;;;;;;
3,68;3,68;3678;0,002;0,002;;;;;;;;
3,68;3,68;3683;-0,003;-0,003;;;;;;;;
3,68;3,68;3683;-0,003;-0,003;;;;;;;;
3,68;3,68;3683;-0,003;-0,003;;;;;;;;
3,68;3,68;3683;-0,003;-0,003;;;;;;;;
3,69;3,68;3683;0,007;-0,003;;;;;;;;
3,68;3,68;3678;0,002;0,002;;;;;;;;
3,69;3,68;3678;0,012;0,002;;;;;;;;
3,68;3,68;3683;-0,003;-0,003;;;;;;;;
3,68;3,68;3678;0,002;0,002;;;;;;;;
3,69;3,68;3678;0,012;0,002;;;;;;;;
3,69;3,68;3683;0,007;-0,003;;;;;;;;
3,68;3,68;3683;-0,003;-0,003;;;;;;;;
3,68;3,68;3678;0,002;0,002;;;;;;;;
3,68;3,68;3678;0,002;0,002;;;;;;;;
3,68;3,68;3678;0,002;0,002;;;;;;;;
3,68;3,68;3683;-0,003;-0,003;;;;;;;;
3,68;3,68;3678;0,002;0,002;;;;;;;;
3,69;3,68;3678;0,012;0,002;;;;;;;;
3,69;3,68;3678;0,012;0,002;;;;;;;;
3,68;3,68;3673;0,007;0,007;;;;;;;;
3,68;3,68;3678;0,002;0,002;;;;;;;;
3,68;3,68;3678;0,002;0,002;;;;;;;;
3,68;3,68;3678;0,002;0,002;;;;;;;;
3,68;3,68;3678;0,002;0,002;;;;;;;;
3,68;3,68;3673;0,007;0,007;;;;;;;;
3,69;3,68;3678;0,012;0,002;;;;;;;;
3,68;3,68;3678;0,002;0,002;;;;;;;;
3,68;3,68;3678;0,002;0,002;;;;;;;;
3,69;3,68;3678;0,012;0,002;;;;;;;;
3,69;3,68;3678;0,012;0,002;;;;;;;;
3,68;3,68;3678;0,002;0,002;;;;;;;;
3,68;3,68;3678;0,002;0,002;;;;;;;;
3,68;3,68;3678;0,002;0,002;;;;;;;;
3,68;3,68;3673;0,007;0,007;;;;;;;;
3,68;3,68;3678;0,002;0,002;;;;;;;;
3,68;3,68;3678;0,002;0,002;;;;;;;;
3,68;3,68;3678;0,002;0,002;;;;;;;;
3,68;3,68;3678;0,002;0,002;;;;;;;;
3,68;3,68;3683;-0,003;-0,003;;;;;;;;
3,68;3,68;3673;0,007;0,007;;;;;;;;
3,68;3,68;3673;0,007;0,007;;;;;;;;
3,68;3,68;3678;0,002;0,002;;;;;;;;
3,68;3,68;3673;0,007;0,007;;;;;;;;
3,68;3,68;3678;0,002;0,002;;;;;;;;
3,68;3,68;3678;0,002;0,002;;;;;;;;
3,68;3,68;3678;0,002;0,002;;;;;;;;
3,68;3,68;3678;0,002;0,002;;;;;;;;
3,68;3,68;3683;-0,003;-0,003;;;;;;;;
3,68;3,68;3678;0,002;0,002;;;;;;;;
3,69;3,68;3678;0,012;0,002;;;;;;;;
3,68;3,68;3678;0,002;0,002;;;;;;;;
3,69;3,68;3683;0,007;-0,003;;;;;;;;
3,68;3,68;3678;0,002;0,002;;;;;;;;
3,68;3,68;3678;0,002;0,002;;;;;;;;
3,68;3,68;3673;0,007;0,007;;;;;;;;
3,69;3,68;3678;0,012;0,002;;;;;;;;
3,69;3,68;3678;0,012;0,002;;;;;;;;
3,69;3,68;3683;0,007;-0,003;;;;;;;;
3,68;3,68;3683;-0,003;-0,003;;;;;;;;
3,68;3,68;3683;-0,003;-0,003;;;;;;;;
3,69;3,68;3678;0,012;0,002;;;;;;;;
3,68;3,68;3673;0,007;0,007;;;;;;;;
3,68;3,68;3678;0,002;0,002;;;;;;;;
3,68;3,68;3678;0,002;0,002;;;;;;;;
3,68;3,68;3683;-0,003;-0,003;;;;;;;;
3,68;3,68;3683;-0,003;-0,003;;;;;;;;
3,68;3,68;3683;-0,003;-0,003;;;;;;;;
3,68;3,68;3678;0,002;0,002;;;;;;;;
3,68;3,68;3683;-0,003;-0,003;;;;;;;;
3,68;3,68;3678;0,002;0,002;;;;;;;;
3,68;3,68;3678;0,002;0,002;;;;;;;;
3,68;3,68;3683;-0,003;-0,003;;;;;;;;
3,68;3,68;3678;0,002;0,002;;;;;;;;
3,69;3,68;3678;0,012;0,002;;;;;;;;
3,69;3,68;3678;0,012;0,002;;;;;;;;
3,68;3,68;3678;0,002;0,002;;;;;;;;
3,69;3,68;3683;0,007;-0,003;;;;;;;;
3,68;3,68;3678;0,002;0,002;;;;;;;;
3,68;3,68;3683;-0,003;-0,003;;;;;;;;
3,68;3,68;3678;0,002;0,002;;;;;;;;
3,68;3,68;3678;0,002;0,002;;;;;;;;
3,68;3,68;3678;0,002;0,002;;;;;;;;
3,68;3,68;3683;-0,003;-0,003;;;;;;;;
3,68;3,68;3678;0,002;0,002;;;;;;;;
3,68;3,68;3678;0,002;0,002;;;;;;;;
3,68;3,68;3683;-0,003;-0,003;;;;;;;;
3,68;3,68;3683;-0,003;-0,003;;;;;;;;
3,68;3,68;3683;-0,003;-0,003;;;;;;;;
3,68;3,68;3678;0,002;0,002;;;;;;;;
3,68;3,68;3678;0,002;0,002;;;;;;;;
3,68;3,68;3678;0,002;0,002;;;;;;;;
3,68;3,68;3678;0,002;0,002;;;;;;;;
3,69;3,68;3683;0,007;-0,003;;;;;;;;
3,68;3,68;3683;-0,003;-0,003;;;;;;;;
3,68;3,68;3673;0,007;0,007;;;;;;;;
3,69;3,68;3678;0,012;0,002;;;;;;;;
3,68;3,68;3683;-0,003;-0,003;;;;;;;;
3,69;3,68;3683;0,007;-0,003;;;;;;;;
3,68;3,68;3678;0,002;0,002;;;;;;;;
3,69;3,68;3678;0,012;0,002;;;;;;;;
3,68;3,68;3673;0,007;0,007;;;;;;;;
3,69;3,68;3678;0,012;0,002;;;;;;;;
3,69;3,68;3683;0,007;-0,003;;;;;;;;
3,68;3,68;3683;-0,003;-0,003;;;;;;;;
3,68;3,68;3683;-0,003;-0,003;;;;;;;;
3,68;3,68;3678;0,002;0,002;;;;;;;;
3,68;3,68;3678;0,002;0,002;;;;;;;;
3,68;3,68;3678;0,002;0,002;;;;;;;;
3,68;3,68;3673;0,007;0,007;;;;;;;;
3,68;3,68;3678;0,002;0,002;;;;;;;;
3,68;3,68;3678;0,002;0,002;;;;;;;;
3,68;3,68;3678;0,002;0,002;;;;;;;;
3,68;3,68;3678;0,002;0,002;;;;;;;;
3,68;3,68;3673;0,007;0,007;;;;;;;;
3,68;3,68;3678;0,002;0,002;;;;;;;;
3,68;3,68;3673;0,007;0,007;;;;;;;;
3,68;3,68;3678;0,002;0,002;;;;;;;;
3,68;3,68;3678;0,002;0,002;;;;;;;;
3,68;3,68;3673;0,007;0,007;;;;;;;;
3,68;3,68;3673;0,007;0,007;;;;;;;;
3,68;3,68;3673;0,007;0,007;;;;;;;;
3,68;3,68;3683;-0,003;-0,003;;;;;;;;
3,68;3,68;3678;0,002;0,002;;;;;;;;
3,68;3,68;3678;0,002;0,002;;;;;;;;
3,68;3,68;3673;0,007;0,007;;;;;;;;
3,68;3,68;3673;0,007;0,007;;;;;;;;
3,68;3,68;3673;0,007;0,007;;;;;;;;
3,68;3,68;3683;-0,003;-0,003;;;;;;;;
3,69;3,68;3673;0,017;0,007;;;;;;;;
3,68;3,68;3678;0,002;0,002;;;;;;;;
3,68;3,68;3678;0,002;0,002;;;;;;;;
3,68;3,68;3678;0,002;0,002;;;;;;;;
3,68;3,68;3678;0,002;0,002;;;;;;;;
3,68;3,68;3683;-0,003;-0,003;;;;;;;;
3,68;3,68;3673;0,007;0,007;;;;;;;;
3,69;3,68;3678;0,012;0,002;;;;;;;;
3,68;3,68;3678;0,002;0,002;;;;;;;;
3,68;3,68;3683;-0,003;-0,003;;;;;;;;
3,69;3,68;3678;0,012;0,002;;;;;;;;
3,68;3,68;3673;0,007;0,007;;;;;;;;
3,68;3,68;3673;0,007;0,007;;;;;;;;
3,69;3,68;3678;0,012;0,002;;;;;;;;
3,68;3,68;3683;-0,003;-0,003;;;;;;;;
3,68;3,68;3678;0,002;0,002;;;;;;;;
3,68;3,68;3678;0,002;0,002;;;;;;;;
3,68;3,68;3678;0,002;0,002;;;;;;;;
3,69;3,68;3678;0,012;0,002;;;;;;;;
3,68;3,68;3678;0,002;0,002;;;;;;;;
3,68;3,68;3673;0,007;0,007;;;;;;;;
3,68;3,68;3678;0,002;0,002;;;;;;;;
3,68;3,68;3678;0,002;0,002;;;;;;;;
3,68;3,68;3683;-0,003;-0,003;;;;;;;;
3,69;3,68;3683;0,007;-0,003;;;;;;;;
3,68;3,68;3678;0,002;0,002;;;;;;;;
3,68;3,68;3678;0,002;0,002;;;;;;;;
3,69;3,68;3678;0,012;0,002;;;;;;;;
3,68;3,68;3683;-0,003;-0,003;;;;;;;;
3,68;3,68;3683;-0,003;-0,003;;;;;;;;
3,69;3,68;3683;0,007;-0,003;;;;;;;;
3,68;3,68;3683;-0,003;-0,003;;;;;;;;
3,68;3,68;3678;0,002;0,002;;;;;;;;
3,69;3,68;3678;0,012;0,002;;;;;;;;
3,68;3,68;3683;-0,003;-0,003;;;;;;;;
3,69;3,68;3683;0,007;-0,003;;;;;;;;
3,69;3,68;3678;0,012;0,002;;;;;;;;
3,68;3,68;3683;-0,003;-0,003;;;;;;;;
3,68;3,68;3683;-0,003;-0,003;;;;;;;;
3,68;3,68;3683;-0,003;-0,003;;;;;;;;
3,68;3,68;3678;0,002;0,002;;;;;;;;
3,68;3,68;3678;0,002;0,002;;;;;;;;
3,68;3,68;3678;0,002;0,002;;;;;;;;
3,68;3,68;3678;0,002;0,002;;;;;;;;
3,68;3,68;3683;-0,003;-0,003;;;;;;;;
3,68;3,68;3678;0,002;0,002;;;;;;;;
3,69;3,68;3678;0,012;0,002;;;;;;;;
3,69;3,68;3683;0,007;-0,003;;;;;;;;
3,68;3,68;3683;-0,003;-0,003;;;;;;;;
3,69;3,68;3678;0,012;0,002;;;;;;;;
3,68;3,68;3678;0,002;0,002;;;;;;;;
3,68;3,68;3683;-0,003;-0,003;;;;;;;;
3,68;3,68;3683;-0,003;-0,003;;;;;;;;
3,69;3,68;3683;0,007;-0,003;;;;;;;;
3,68;3,68;3683;-0,003;-0,003;;;;;;;;
3,68;3,68;3683;-0,003;-0,003;;;;;;;;
3,68;3,68;3678;0,002;0,002;;;;;;;;
3,69;3,68;3678;0,012;0,002;;;;;;;;
3,69;3,68;3683;0,007;-0,003;;;;;;;;
3,68;3,68;3678;0,002;0,002;;;;;;;;
3,68;3,68;3678;0,002;0,002;;;;;;;;
3,68;3,68;3673;0,007;0,007;;;;;;;;
3,68;3,68;3683;-0,003;-0,003;;;;;;;;
3,68;3,68;3683;-0,003;-0,003;;;;;;;;
3,68;3,68;3678;0,002;0,002;;;;;;;;
3,68;3,68;3678;0,002;0,002;;;;;;;;
3,68;3,68;3673;0,007;0,007;;;;;;;;
3,69;3,68;3678;0,012;0,002;;;;;;;;
3,69;3,68;3678;0,012;0,002;;;;;;;;
3,68;3,68;3683;-0,003;-0,003;;;;;;;;
3,69;3,68;3678;0,012;0,002;;;;;;;;
3,68;3,68;3678;0,002;0,002;;;;;;;;
3,68;3,68;3678;0,002;0,002;;;;;;;;
3,69;3,68;3678;0,012;0,002;;;;;;;;
3,68;3,68;3678;0,002;0,002;;;;;;;;
3,68;3,68;3678;0,002;0,002;;;;;;;;
3,68;3,68;3678;0,002;0,002;;;;;;;;
3,68;3,68;3673;0,007;0,007;;;;;;;;
3,68;3,68;3678;0,002;0,002;;;;;;;;
3,68;3,68;3678;0,002;0,002;;;;;;;;
3,69;3,68;3678;0,012;0,002;;;;;;;;
3,68;3,68;3673;0,007;0,007;;;;;;;;
3,68;3,68;3678;0,002;0,002;;;;;;;;
3,68;3,68;3683;-0,003;-0,003;;;;;;;;
3,68;3,68;3678;0,002;0,002;;;;;;;;
3,68;3,68;3678;0,002;0,002;;;;;;;;
3,68;3,68;3673;0,007;0,007;;;;;;;;
3,68;3,68;3678;0,002;0,002;;;;;;;;
3,68;3,68;3678;0,002;0,002;;;;;;;;
3,68;3,68;3673;0,007;0,007;;;;;;;;
3,68;3,68;3678;0,002;0,002;;;;;;;;
3,68;3,68;3678;0,002;0,002;;;;;;;;
3,68;3,68;3683;-0,003;-0,003;;;;;;;;
3,68;3,68;3678;0,002;0,002;;;;;;;;
3,68;3,68;3678;0,002;0,002;;;;;;;;
3,68;3,68;3673;0,007;0,007;;;;;;;;
3,68;3,68;3673;0,007;0,007;;;;;;;;
3,68;3,68;3678;0,002;0,002;;;;;;;;
3,68;3,68;3678;0,002;0,002;;;;;;;;
3,68;3,68;3678;0,002;0,002;;;;;;;;
3,68;3,68;3673;0,007;0,007;;;;;;;;
3,69;3,68;3673;0,017;0,007;;;;;;;;
3,68;3,68;3678;0,002;0,002;;;;;;;;
3,69;3,68;3683;0,007;-0,003;;;;;;;;
3,68;3,68;3683;-0,003;-0,003;;;;;;;;
3,68;3,68;3678;0,002;0,002;;;;;;;;
3,69;3,68;3678;0,012;0,002;;;;;;;;
3,68;3,68;3678;0,002;0,002;;;;;;;;
3,68;3,68;3683;-0,003;-0,003;;;;;;;;
3,69;3,68;3678;0,012;0,002;;;;;;;;
3,69;3,68;3683;0,007;-0,003;;;;;;;;
3,68;3,68;3683;-0,003;-0,003;;;;;;;;
3,68;3,68;3683;-0,003;-0,003;;;;;;;;
3,69;3,68;3678;0,012;0,002;;;;;;;;
3,69;3,68;3683;0,007;-0,003;;;;;;;;
3,69;3,68;3678;0,012;0,002;;;;;;;;
3,68;3,68;3683;-0,003;-0,003;;;;;;;;
3,69;3,68;3678;0,012;0,002;;;;;;;;
3,68;3,68;3683;-0,003;-0,003;;;;;;;;
3,68;3,68;3678;0,002;0,002;;;;;;;;
3,68;3,68;3678;0,002;0,002;;;;;;;;
3,69;3,68;3683;0,007;-0,003;;;;;;;;
3,68;3,68;3683;-0,003;-0,003;;;;;;;;
3,69;3,68;3683;0,007;-0,003;;;;;;;;
3,68;3,68;3678;0,002;0,002;;;;;;;;
3,68;3,68;3678;0,002;0,002;;;;;;;;
3,69;3,68;3678;0,012;0,002;;;;;;;;
3,68;3,68;3683;-0,003;-0,003;;;;;;;;
3,68;3,68;3683;-0,003;-0,003;;;;;;;;
3,68;3,68;3683;-0,003;-0,003;;;;;;;;
3,69;3,68;3683;0,007;-0,003;;;;;;;;
3,68;3,68;3678;0,002;0,002;;;;;;;;
3,68;3,68;3683;-0,003;-0,003;;;;;;;;
3,68;3,68;3678;0,002;0,002;;;;;;;;
3,69;3,68;3683;0,007;-0,003;;;;;;;;
3,68;3,68;3678;0,002;0,002;;;;;;;;
3,68;3,68;3678;0,002;0,002;;;;;;;;
3,69;3,68;3678;0,012;0,002;;;;;;;;
3,69;3,68;3678;0,012;0,002;;;;;;;;
3,68;3,68;3683;-0,003;-0,003;;;;;;;;
3,68;3,68;3678;0,002;0,002;;;;;;;;
3,68;3,68;3683;-0,003;-0,003;;;;;;;;
3,68;3,68;3678;0,002;0,002;;;;;;;;
3,68;3,68;3683;-0,003;-0,003;;;;;;;;
3,68;3,68;3683;-0,003;-0,003;;;;;;;;
3,68;3,68;3678;0,002;0,002;;;;;;;;
3,68;3,68;3678;0,002;0,002;;;;;;;;
3,68;3,68;3678;0,002;0,002;;;;;;;;
3,68;3,68;3683;-0,003;-0,003;;;;;;;;
3,68;3,68;3683;-0,003;-0,003;;;;;;;;
3,68;3,68;3678;0,002;0,002;;;;;;;;
3,68;3,68;3678;0,002;0,002;;;;;;;;
3,68;3,68;3683;-0,003;-0,003;;;;;;;;
3,68;3,68;3683;-0,003;-0,003;;;;;;;;
3,68;3,68;3678;0,002;0,002;;;;;;;;
3,68;3,68;3678;0,002;0,002;;;;;;;;
3,68;3,68;3683;-0,003;-0,003;;;;;;;;
3,68;3,68;3678;0,002;0,002;;;;;;;;
3,68;3,68;3673;0,007;0,007;;;;;;;;
3,68;3,68;3678;0,002;0,002;;;;;;;;
3,68;3,68;3678;0,002;0,002;;;;;;;;
3,68;3,68;3678;0,002;0,002;;;;;;;;
3,68;3,68;3673;0,007;0,007;;;;;;;;
3,68;3,68;3678;0,002;0,002;;;;;;;;
3,68;3,68;3678;0,002;0,002;;;;;;;;
3,69;3,68;3678;0,012;0,002;;;;;;;;
3,68;3,68;3673;0,007;0,007;;;;;;;;
3,68;3,68;3673;0,007;0,007;;;;;;;;
3,68;3,68;3678;0,002;0,002;;;;;;;;
3,68;3,68;3673;0,007;0,007;;;;;;;;
3,68;3,68;3673;0,007;0,007;;;;;;;;
3,68;3,68;3673;0,007;0,007;;;;;;;;
3,68;3,68;3678;0,002;0,002;;;;;;;;
3,68;3,68;3678;0,002;0,002;;;;;;;;
3,68;3,68;3678;0,002;0,002;;;;;;;;
3,68;3,68;3673;0,007;0,007;;;;;;;;
3,69;3,68;3678;0,012;0,002;;;;;;;;
3,69;3,68;3673;0,017;0,007;;;;;;;;
3,69;3,68;3678;0,012;0,002;;;;;;;;
3,68;3,68;3678;0,002;0,002;;;;;;;;
3,68;3,68;3678;0,002;0,002;;;;;;;;
3,69;3,68;3678;0,012;0,002;;;;;;;;
3,69;3,68;3673;0,017;0,007;;;;;;;;
3,68;3,68;3678;0,002;0,002;;;;;;;;
3,68;3,68;3678;0,002;0,002;;;;;;;;
3,68;3,68;3683;-0,003;-0,003;;;;;;;;
3,68;3,68;3678;0,002;0,002;;;;;;;;
3,68;3,68;3678;0,002;0,002;;;;;;;;
3,68;3,68;3678;0,002;0,002;;;;;;;;
3,68;3,68;3678;0,002;0,002;;;;;;;;
3,69;3,68;3678;0,012;0,002;;;;;;;;
3,68;3,68;3678;0,002;0,002;;;;;;;;
3,69;3,68;3678;0,012;0,002;;;;;;;;
3,68;3,68;3683;-0,003;-0,003;;;;;;;;
3,68;3,68;3673;0,007;0,007;;;;;;;;
3,68;3,68;3678;0,002;0,002;;;;;;;;
3,68;3,68;3678;0,002;0,002;;;;;;;;
3,68;3,68;3678;0,002;0,002;;;;;;;;
3,68;3,68;3683;-0,003;-0,003;;;;;;;;
3,68;3,68;3678;0,002;0,002;;;;;;;;
3,68;3,68;3678;0,002;0,002;;;;;;;;
3,68;3,68;3678;0,002;0,002;;;;;;;;
3,68;3,68;3683;-0,003;-0,003;;;;;;;;
3,68;3,68;3683;-0,003;-0,003;;;;;;;;
3,68;3,68;3678;0,002;0,002;;;;;;;;
3,69;3,68;3678;0,012;0,002;;;;;;;;
3,68;3,68;3678;0,002;0,002;;;;;;;;
3,68;3,68;3683;-0,003;-0,003;;;;;;;;
3,68;3,68;3683;-0,003;-0,003;;;;;;;;
3,68;3,68;3678;0,002;0,002;;;;;;;;
3,68;3,68;3678;0,002;0,002;;;;;;;;
3,68;3,68;3678;0,002;0,002;;;;;;;;
3,68;3,68;3678;0,002;0,002;;;;;;;;
3,68;3,68;3678;0,002;0,002;;;;;;;;
3,68;3,68;3678;0,002;0,002;;;;;;;;
3,68;3,68;3678;0,002;0,002;;;;;;;;
3,69;3,68;3683;0,007;-0,003;;;;;;;;
3,68;3,68;3683;-0,003;-0,003;;;;;;;;
3,68;3,68;3683;-0,003;-0,003;;;;;;;;
3,68;3,68;3678;0,002;0,002;;;;;;;;
3,69;3,68;3678;0,012;0,002;;;;;;;;
3,68;3,68;3683;-0,003;-0,003;;;;;;;;
3,68;3,68;3683;-0,003;-0,003;;;;;;;;
3,68;3,68;3683;-0,003;-0,003;;;;;;;;
3,68;3,68;3678;0,002;0,002;;;;;;;;
3,68;3,68;3678;0,002;0,002;;;;;;;;
3,68;3,68;3678;0,002;0,002;;;;;;;;
3,68;3,68;3683;-0,003;-0,003;;;;;;;;
3,68;3,68;3678;0,002;0,002;;;;;;;;
3,68;3,68;3678;0,002;0,002;;;;;;;;
3,68;3,68;3678;0,002;0,002;;;;;;;;
3,69;3,68;3683;0,007;-0,003;;;;;;;;
3,68;3,68;3683;-0,003;-0,003;;;;;;;;
3,68;3,68;3683;-0,003;-0,003;;;;;;;;
3,69;3,68;3678;0,012;0,002;;;;;;;;
3,68;3,68;3678;0,002;0,002;;;;;;;;
3,68;3,68;3678;0,002;0,002;;;;;;;;
3,68;3,68;3678;0,002;0,002;;;;;;;;
3,68;3,68;3683;-0,003;-0,003;;;;;;;;
3,68;3,68;3678;0,002;0,002;;;;;;;;
3,68;3,68;3678;0,002;0,002;;;;;;;;
3,68;3,68;3683;-0,003;-0,003;;;;;;;;
3,68;3,68;3683;-0,003;-0,003;;;;;;;;
3,68;3,68;3683;-0,003;-0,003;;;;;;;;
3,68;3,68;3673;0,007;0,007;;;;;;;;
3,69;3,68;3673;0,017;0,007;;;;;;;;
3,68;3,68;3678;0,002;0,002;;;;;;;;
3,68;3,68;3673;0,007;0,007;;;;;;;;
3,68;3,68;3678;0,002;0,002;;;;;;;;
3,68;3,68;3673;0,007;0,007;;;;;;;;
3,68;3,68;3678;0,002;0,002;;;;;;;;
3,68;3,68;3678;0,002;0,002;;;;;;;;
3,68;3,68;3678;0,002;0,002;;;;;;;;
3,68;3,68;3673;0,007;0,007;;;;;;;;
3,68;3,68;3678;0,002;0,002;;;;;;;;
3,69;3,68;3678;0,012;0,002;;;;;;;;
3,68;3,68;3678;0,002;0,002;;;;;;;;
3,68;3,68;3678;0,002;0,002;;;;;;;;
3,69;3,68;3678;0,012;0,002;;;;;;;;
3,68;3,68;3678;0,002;0,002;;;;;;;;
3,69;3,68;3673;0,017;0,007;;;;;;;;
3,68;3,68;3673;0,007;0,007;;;;;;;;
3,68;3,68;3678;0,002;0,002;;;;;;;;
3,68;3,68;3673;0,007;0,007;;;;;;;;
3,68;3,68;3673;0,007;0,007;;;;;;;;
3,68;3,68;3678;0,002;0,002;;;;;;;;
3,68;3,68;3678;0,002;0,002;;;;;;;;
3,68;3,68;3673;0,007;0,007;;;;;;;;
3,68;3,68;3678;0,002;0,002;;;;;;;;
3,68;3,68;3678;0,002;0,002;;;;;;;;
3,69;3,68;3673;0,017;0,007;;;;;;;;
3,68;3,68;3673;0,007;0,007;;;;;;;;
3,68;3,68;3678;0,002;0,002;;;;;;;;
3,68;3,68;3678;0,002;0,002;;;;;;;;
3,68;3,68;3678;0,002;0,002;;;;;;;;
3,68;3,68;3673;0,007;0,007;;;;;;;;
3,68;3,68;3673;0,007;0,007;;;;;;;;
3,68;3,68;3678;0,002;0,002;;;;;;;;
3,69;3,68;3678;0,012;0,002;;;;;;;;
3,68;3,68;3678;0,002;0,002;;;;;;;;
3,68;3,68;3678;0,002;0,002;;;;;;;;
3,68;3,68;3678;0,002;0,002;;;;;;;;
3,68;3,68;3683;-0,003;-0,003;;;;;;;;
3,68;3,68;3673;0,007;0,007;;;;;;;;
3,68;3,68;3678;0,002;0,002;;;;;;;;
3,68;3,68;3678;0,002;0,002;;;;;;;;
3,68;3,68;3678;0,002;0,002;;;;;;;;
3,69;3,68;3678;0,012;0,002;;;;;;;;
3,68;3,68;3683;-0,003;-0,003;;;;;;;;
3,68;3,68;3678;0,002;0,002;;;;;;;;
3,68;3,68;3678;0,002;0,002;;;;;;;;
3,68;3,68;3683;-0,003;-0,003;;;;;;;;
3,68;3,68;3683;-0,003;-0,003;;;;;;;;
3,68;3,68;3678;0,002;0,002;;;;;;;;
3,68;3,68;3678;0,002;0,002;;;;;;;;
3,68;3,68;3678;0,002;0,002;;;;;;;;
3,68;3,68;3678;0,002;0,002;;;;;;;;
3,69;3,68;3683;0,007;-0,003;;;;;;;;
3,68;3,68;3683;-0,003;-0,003;;;;;;;;
3,68;3,68;3678;0,002;0,002;;;;;;;;
3,68;3,68;3678;0,002;0,002;;;;;;;;
3,68;3,68;3678;0,002;0,002;;;;;;;;
3,68;3,68;3678;0,002;0,002;;;;;;;;
3,68;3,68;3678;0,002;0,002;;;;;;;;
3,69;3,68;3678;0,012;0,002;;;;;;;;
3,69;3,68;3678;0,012;0,002;;;;;;;;
3,68;3,68;3678;0,002;0,002;;;;;;;;
3,68;3,68;3678;0,002;0,002;;;;;;;;
3,68;3,68;3678;0,002;0,002;;;;;;;;
3,68;3,68;3678;0,002;0,002;;;;;;;;
3,68;3,68;3673;0,007;0,007;;;;;;;;
3,68;3,68;3678;0,002;0,002;;;;;;;;
3,68;3,68;3683;-0,003;-0,003;;;;;;;;
3,68;3,68;3683;-0,003;-0,003;;;;;;;;
3,68;3,68;3678;0,002;0,002;;;;;;;;
3,68;3,68;3678;0,002;0,002;;;;;;;;
3,68;3,68;3678;0,002;0,002;;;;;;;;
3,68;3,68;3683;-0,003;-0,003;;;;;;;;
3,69;3,68;3683;0,007;-0,003;;;;;;;;
3,68;3,68;3678;0,002;0,002;;;;;;;;
3,69;3,68;3678;0,012;0,002;;;;;;;;
3,68;3,68;3678;0,002;0,002;;;;;;;;
3,68;3,68;3678;0,002;0,002;;;;;;;;
3,68;3,68;3683;-0,003;-0,003;;;;;;;;
3,68;3,68;3678;0,002;0,002;;;;;;;;
3,68;3,68;3678;0,002;0,002;;;;;;;;
3,69;3,68;3683;0,007;-0,003;;;;;;;;
3,68;3,68;3683;-0,003;-0,003;;;;;;;;
3,69;3,68;3678;0,012;0,002;;;;;;;;
3,68;3,68;3673;0,007;0,007;;;;;;;;
3,68;3,68;3678;0,002;0,002;;;;;;;;
3,68;3,68;3673;0,007;0,007;;;;;;;;
3,68;3,68;3683;-0,003;-0,003;;;;;;;;
3,68;3,68;3678;0,002;0,002;;;;;;;;
3,68;3,68;3678;0,002;0,002;;;;;;;;
3,68;3,68;3678;0,002;0,002;;;;;;;;
3,68;3,68;3678;0,002;0,002;;;;;;;;
3,68;3,68;3678;0,002;0,002;;;;;;;;
3,68;3,68;3673;0,007;0,007;;;;;;;;
3,68;3,68;3678;0,002;0,002;;;;;;;;
3,68;3,68;3678;0,002;0,002;;;;;;;;
3,68;3,68;3673;0,007;0,007;;;;;;;;
3,68;3,68;3678;0,002;0,002;;;;;;;;
3,68;3,68;3678;0,002;0,002;;;;;;;;
3,68;3,68;3678;0,002;0,002;;;;;;;;
3,68;3,68;3673;0,007;0,007;;;;;;;;
3,68;3,68;3678;0,002;0,002;;;;;;;;
3,68;3,68;3678;0,002;0,002;;;;;;;;
3,68;3,68;3678;0,002;0,002;;;;;;;;
3,68;3,68;3678;0,002;0,002;;;;;;;;
3,68;3,68;3673;0,007;0,007;;;;;;;;
3,69;3,68;3678;0,012;0,002;;;;;;;;
3,68;3,68;3678;0,002;0,002;;;;;;;;
3,68;3,68;3678;0,002;0,002;;;;;;;;
3,68;3,68;3673;0,007;0,007;;;;;;;;
3,68;3,68;3678;0,002;0,002;;;;;;;;
3,68;3,68;3678;0,002;0,002;;;;;;;;
3,68;3,68;3678;0,002;0,002;;;;;;;;
3,68;3,68;3673;0,007;0,007;;;;;;;;
3,68;3,68;3673;0,007;0,007;;;;;;;;
3,68;3,68;3678;0,002;0,002;;;;;;;;
3,68;3,68;3678;0,002;0,002;;;;;;;;
3,69;3,68;3673;0,017;0,007;;;;;;;;
3,68;3,68;3678;0,002;0,002;;;;;;;;
3,68;3,68;3678;0,002;0,002;;;;;;;;
3,69;3,68;3678;0,012;0,002;;;;;;;;
3,68;3,68;3678;0,002;0,002;;;;;;;;
3,68;3,68;3678;0,002;0,002;;;;;;;;
3,69;3,68;3678;0,012;0,002;;;;;;;;
3,68;3,68;3673;0,007;0,007;;;;;;;;
3,68;3,68;3678;0,002;0,002;;;;;;;;
3,68;3,68;3678;0,002;0,002;;;;;;;;
3,68;3,68;3678;0,002;0,002;;;;;;;;
3,68;3,68;3678;0,002;0,002;;;;;;;;
3,68;3,68;3673;0,007;0,007;;;;;;;;
3,68;3,68;3678;0,002;0,002;;;;;;;;
3,68;3,68;3673;0,007;0,007;;;;;;;;
3,68;3,68;3678;0,002;0,002;;;;;;;;
3,68;3,68;3678;0,002;0,002;;;;;;;;
3,68;3,68;3678;0,002;0,002;;;;;;;;
3,68;3,68;3673;0,007;0,007;;;;;;;;
3,68;3,68;3683;-0,003;-0,003;;;;;;;;
3,68;3,68;3683;-0,003;-0,003;;;;;;;;
3,68;3,68;3678;0,002;0,002;;;;;;;;
3,68;3,68;3673;0,007;0,007;;;;;;;;
3,68;3,68;3678;0,002;0,002;;;;;;;;
3,68;3,68;3678;0,002;0,002;;;;;;;;
3,68;3,68;3678;0,002;0,002;;;;;;;;
3,68;3,68;3678;0,002;0,002;;;;;;;;
3,68;3,68;3683;-0,003;-0,003;;;;;;;;
3,68;3,68;3678;0,002;0,002;;;;;;;;
3,68;3,68;3683;-0,003;-0,003;;;;;;;;
3,69;3,68;3683;0,007;-0,003;;;;;;;;
3,68;3,68;3678;0,002;0,002;;;;;;;;
3,69;3,68;3678;0,012;0,002;;;;;;;;
3,68;3,68;3683;-0,003;-0,003;;;;;;;;
3,68;3,68;3678;0,002;0,002;;;;;;;;
3,68;3,68;3678;0,002;0,002;;;;;;;;
3,68;3,68;3683;-0,003;-0,003;;;;;;;;
3,68;3,68;3678;0,002;0,002;;;;;;;;
3,68;3,68;3683;-0,003;-0,003;;;;;;;;
3,69;3,68;3678;0,012;0,002;;;;;;;;
3,68;3,68;3678;0,002;0,002;;;;;;;;
3,68;3,68;3678;0,002;0,002;;;;;;;;
3,68;3,68;3678;0,002;0,002;;;;;;;;
3,68;3,68;3673;0,007;0,007;;;;;;;;
3,68;3,68;3683;-0,003;-0,003;;;;;;;;
3,68;3,68;3678;0,002;0,002;;;;;;;;
3,68;3,68;3678;0,002;0,002;;;;;;;;
3,68;3,68;3683;-0,003;-0,003;;;;;;;;
3,68;3,68;3678;0,002;0,002;;;;;;;;
3,69;3,68;3683;0,007;-0,003;;;;;;;;
3,69;3,68;3683;0,007;-0,003;;;;;;;;
3,68;3,68;3678;0,002;0,002;;;;;;;;
3,69;3,68;3678;0,012;0,002;;;;;;;;
3,68;3,68;3678;0,002;0,002;;;;;;;;
3,68;3,68;3683;-0,003;-0,003;;;;;;;;
3,68;3,68;3683;-0,003;-0,003;;;;;;;;
3,68;3,68;3678;0,002;0,002;;;;;;;;
3,68;3,68;3678;0,002;0,002;;;;;;;;
3,69;3,68;3678;0,012;0,002;;;;;;;;
3,68;3,68;3678;0,002;0,002;;;;;;;;
3,68;3,68;3683;-0,003;-0,003;;;;;;;;
3,68;3,68;3678;0,002;0,002;;;;;;;;
3,68;3,68;3683;-0,003;-0,003;;;;;;;;
3,68;3,68;3678;0,002;0,002;;;;;;;;
3,68;3,68;3678;0,002;0,002;;;;;;;;
3,69;3,68;3683;0,007;-0,003;;;;;;;;
